StateAbbr,name,uninsured_percent,TotalPopulation,Short_Question_Text,Geolocation
TX,Harrison,26.3,66386,Health Insurance,POINT (-94.3744344 32.5479914)
TX,Burleson,26.1,18514,Health Insurance,POINT (-96.6220912 30.4934867)
TX,Denton,20.3,919324,Health Insurance,POINT (-97.1211403 33.205132)
TX,Lampasas,25.7,21789,Health Insurance,POINT (-98.2408885 31.1967308)
TX,Cottle,29.7,1363,Health Insurance,POINT (-100.2764416 34.0919063)
TX,Caldwell,37.1,43979,Health Insurance,POINT (-97.628141 29.8323986)
TX,Howard,35.2,36540,Health Insurance,POINT (-101.4387208 32.3034298)
TX,Calhoun,34.8,21001,Health Insurance,POINT (-96.5795739 28.4417191)
TX,Donley,23.1,3308,Health Insurance,POINT (-100.8158457 34.9550364)
TX,Delta,23.3,5349,Health Insurance,POINT (-95.6733504 33.3859329)
TX,Hale,39,32754,Health Insurance,POINT (-101.8228879 34.0684364)
TX,Bailey,39.4,6697,Health Insurance,POINT (-102.8303446 34.0675209)
TX,Hopkins,26.7,37170,Health Insurance,POINT (-95.5654337 33.1489673)
TX,Cass,25.5,29879,Health Insurance,POINT (-94.3575786 33.0836979)
TX,Baylor,23.8,3518,Health Insurance,POINT (-99.2081888 33.6188024)
TX,La Salle,50.4,7500,Health Insurance,POINT (-99.0967743 28.3510976)
TX,Gregg,27.7,124229,Health Insurance,POINT (-94.8162768 32.4864014)
TX,Atascosa,38.2,51724,Health Insurance,POINT (-98.535381 28.8914775)
TX,Karnes,39.2,15562,Health Insurance,POINT (-97.8522048 28.9089957)
TX,Bexar,33.2,2026823,Health Insurance,POINT (-98.5201465 29.4486708)
TX,Ector,38.1,167701,Health Insurance,POINT (-102.5425068 31.8653008)
TX,Deaf Smith,44,18277,Health Insurance,POINT (-102.6075637 34.9407663)
TX,Carson,20.2,5854,Health Insurance,POINT (-101.3553558 35.4054961)
TX,Garza,42.3,6222,Health Insurance,POINT (-101.3011341 33.183792)
TX,Guadalupe,27.7,170608,Health Insurance,POINT (-97.9489953 29.5826714)
TX,Lamar,25.1,49905,Health Insurance,POINT (-95.5703477 33.6672628)
TX,Knox,32.1,3683,Health Insurance,POINT (-99.7303563 33.6118897)
TX,Cochran,42.3,2897,Health Insurance,POINT (-102.830449 33.6084401)
TX,Galveston,24.7,345089,Health Insurance,POINT (-94.8884558 29.233453)
TX,Hill,27.8,37006,Health Insurance,POINT (-97.130668 31.9826809)
TX,Kendall,20.6,48523,Health Insurance,POINT (-98.7092693 29.9435246)
TX,Frio,47.7,20379,Health Insurance,POINT (-99.109005 28.8693828)
TX,Concho,36.6,2827,Health Insurance,POINT (-99.8636485 31.3188831)
TX,DeWitt,34.1,20174,Health Insurance,POINT (-97.3616543 29.0823457)
TX,Grimes,31.2,29614,Health Insurance,POINT (-95.988082 30.5432314)
TX,Grayson,24.1,138318,Health Insurance,POINT (-96.675693 33.624524)
TX,Armstrong,21,1869,Health Insurance,POINT (-101.3566363 34.964179)
TX,Hartley,28.3,5443,Health Insurance,POINT (-102.6100473 35.8402444)
TX,Falls,32.3,17275,Health Insurance,POINT (-96.9341275 31.2519298)
TX,Guadalupe,28.3,170608,Health Insurance,POINT (-97.9489953 29.5826714)
TX,Johnson,26.9,179575,Health Insurance,POINT (-97.3649587 32.3798207)
TX,Lamb,38.6,12710,Health Insurance,POINT (-102.3480182 34.0688615)
TX,Kleberg,38.7,30338,Health Insurance,POINT (-97.6606203 27.4387348)
TX,Gaines,37.7,21996,Health Insurance,POINT (-102.6315614 32.7439423)
TX,Kaufman,26.9,143198,Health Insurance,POINT (-96.2883773 32.5989442)
TX,Blanco,24.6,12269,Health Insurance,POINT (-98.399217 30.2664556)
TX,King,32.1,283,Health Insurance,POINT (-100.2453455 33.6142675)
TX,Deaf Smith,43.8,18277,Health Insurance,POINT (-102.6075637 34.9407663)
TX,Angelina,30.2,86796,Health Insurance,POINT (-94.6111337 31.2518963)
TX,Callahan,23.2,14110,Health Insurance,POINT (-99.372249 32.2931499)
TX,Coke,27.8,3323,Health Insurance,POINT (-100.6352305 31.8771104)
TX,Crockett,39.6,3513,Health Insurance,POINT (-101.4042113 30.7175316)
TX,Austin,27.6,29972,Health Insurance,POINT (-96.2701696 29.8919013)
TX,Harris,32,4738253,Health Insurance,POINT (-95.3930371 29.857273)
TX,Fannin,25.5,35913,Health Insurance,POINT (-96.1049882 33.5911611)
TX,Glasscock,34.3,1439,Health Insurance,POINT (-101.5214944 31.8680062)
TX,Brazos,24.9,232555,Health Insurance,POINT (-96.3023935 30.6567132)
TX,Freestone,29,19874,Health Insurance,POINT (-96.1449568 31.7017487)
TX,Caldwell,36.6,43979,Health Insurance,POINT (-97.628141 29.8323986)
TX,Bowie,24.5,93481,Health Insurance,POINT (-94.422393 33.4460648)
TX,Lavaca,27.3,20216,Health Insurance,POINT (-96.9236334 29.3825778)
TX,Hemphill,28.9,3777,Health Insurance,POINT (-100.2792102 35.8159564)
TX,Kimble,29.7,4396,Health Insurance,POINT (-99.7463959 30.479472)
TX,Clay,20.4,10550,Health Insurance,POINT (-98.2129174 33.7859042)
TX,Comanche,29.1,13750,Health Insurance,POINT (-98.5496169 31.9516447)
TX,Kinney,40.2,3670,Health Insurance,POINT (-100.4177003 29.3470865)
TX,Gillespie,23.4,26960,Health Insurance,POINT (-98.9418498 30.3250929)
TX,Borden,19.8,706,Health Insurance,POINT (-101.439199 32.7385899)
TX,Hood,22.4,63527,Health Insurance,POINT (-97.8316766 32.430149)
TX,Burnet,26.1,49653,Health Insurance,POINT (-98.2011868 30.7896305)
TX,Cherokee,30.8,52875,Health Insurance,POINT (-95.1563425 31.8438807)
TX,Hays,26.5,241365,Health Insurance,POINT (-98.0292673 30.0612247)
TX,Haskell,33.2,5754,Health Insurance,POINT (-99.730774 33.1759638)
TX,Bailey,38.6,6697,Health Insurance,POINT (-102.8303446 34.0675209)
TX,Gregg,27.2,124229,Health Insurance,POINT (-94.8162768 32.4864014)
TX,Lamar,24.3,49905,Health Insurance,POINT (-95.5703477 33.6672628)
TX,Culberson,45.8,2149,Health Insurance,POINT (-104.5269447 31.4459085)
TX,Hockley,35.5,22921,Health Insurance,POINT (-102.3433978 33.605932)
TX,Crane,38.3,4765,Health Insurance,POINT (-102.4877739 31.4227965)
TX,Lampasas,24.3,21789,Health Insurance,POINT (-98.2408885 31.1967308)
TX,Cottle,31.5,1363,Health Insurance,POINT (-100.2764416 34.0919063)
TX,Karnes,39.4,15562,Health Insurance,POINT (-97.8522048 28.9089957)
TX,Franklin,22.4,10821,Health Insurance,POINT (-95.2190662 33.1758457)
TX,Bexar,33.2,2026823,Health Insurance,POINT (-98.5201465 29.4486708)
TX,Hamilton,26.1,8557,Health Insurance,POINT (-98.1117562 31.7073424)
TX,Harrison,25.4,66386,Health Insurance,POINT (-94.3744344 32.5479914)
TX,Delta,24.5,5349,Health Insurance,POINT (-95.6733504 33.3859329)
TX,Ellis,26.6,191760,Health Insurance,POINT (-96.7969403 32.3468783)
TX,Coleman,27.2,8100,Health Insurance,POINT (-99.3466223 31.9142052)
TX,Hardin,23.5,58305,Health Insurance,POINT (-94.3931782 30.3296483)
TX,Brooks,49.5,6964,Health Insurance,POINT (-98.2152756 27.0349936)
TX,Kaufman,27.3,143198,Health Insurance,POINT (-96.2883773 32.5989442)
TX,Brewster,28.2,9237,Health Insurance,POINT (-103.2524579 29.8089965)
TX,Fort Bend,22.3,839706,Health Insurance,POINT (-95.7710149 29.5266017)
TX,Eastland,27,18388,Health Insurance,POINT (-98.8365596 32.3246454)
TX,Collin,18.3,1072069,Health Insurance,POINT (-96.579428 33.1944942)
TX,Denton,20.1,919324,Health Insurance,POINT (-97.1211403 33.205132)
TX,Bee,39.3,32513,Health Insurance,POINT (-97.7425858 28.4160769)
TX,DeWitt,32.8,20174,Health Insurance,POINT (-97.3616543 29.0823457)
TX,Kenedy,20.7,379,Health Insurance,POINT (-97.5911434 26.8902129)
TX,Grimes,30.1,29614,Health Insurance,POINT (-95.988082 30.5432314)
TX,Bell,26.7,369927,Health Insurance,POINT (-97.4812684 31.0427497)
TX,Donley,24.1,3308,Health Insurance,POINT (-100.8158457 34.9550364)
TX,Briscoe,30.8,1487,Health Insurance,POINT (-101.205893 34.5251725)
TX,Kendall,21.9,48523,Health Insurance,POINT (-98.7092693 29.9435246)
TX,Concho,34,2827,Health Insurance,POINT (-99.8636485 31.3188831)
TX,Hardeman,29.6,4011,Health Insurance,POINT (-99.7456973 34.2899036)
TX,Cass,24.3,29879,Health Insurance,POINT (-94.3575786 33.0836979)
TX,Austin,28.9,29972,Health Insurance,POINT (-96.2701696 29.8919013)
TX,Fort Bend,22.9,839706,Health Insurance,POINT (-95.7710149 29.5266017)
TX,Hemphill,29.7,3777,Health Insurance,POINT (-100.2792102 35.8159564)
TX,Hall,32.3,2939,Health Insurance,POINT (-100.5763434 34.4531894)
TX,Comanche,27.5,13750,Health Insurance,POINT (-98.5496169 31.9516447)
TX,Edwards,41.1,1923,Health Insurance,POINT (-100.3073997 29.9859327)
TX,Duval,46.7,11058,Health Insurance,POINT (-98.4973933 27.6811232)
TX,Kent,21,786,Health Insurance,POINT (-100.7697199 33.1847797)
TX,El Paso,40,841286,Health Insurance,POINT (-106.2414234 31.7664803)
TX,Houston,30.2,22835,Health Insurance,POINT (-95.4215995 31.3230362)
TX,Dallam,38.1,7273,Health Insurance,POINT (-102.5940204 36.2863696)
TX,Lamb,39.7,12710,Health Insurance,POINT (-102.3480182 34.0688615)
TX,Cherokee,30,52875,Health Insurance,POINT (-95.1563425 31.8438807)
TX,Grayson,23.2,138318,Health Insurance,POINT (-96.675693 33.624524)
TX,Hansford,35.6,5279,Health Insurance,POINT (-101.3569304 36.2728469)
TX,Brown,27.5,37633,Health Insurance,POINT (-98.998456 31.7641372)
TX,Fannin,26.5,35913,Health Insurance,POINT (-96.1049882 33.5911611)
TX,Hays,26.5,241365,Health Insurance,POINT (-98.0292673 30.0612247)
TX,Haskell,34.1,5754,Health Insurance,POINT (-99.730774 33.1759638)
TX,Falls,33,17275,Health Insurance,POINT (-96.9341275 31.2519298)
TX,Dallas,31.6,2635888,Health Insurance,POINT (-96.7784238 32.7669866)
TX,Dimmit,49.3,9925,Health Insurance,POINT (-99.7658713 28.4235871)
TX,Borden,19,706,Health Insurance,POINT (-101.439199 32.7385899)
TX,Jones,34.1,19875,Health Insurance,POINT (-99.8744297 32.7437089)
TX,Andrews,36.6,18879,Health Insurance,POINT (-102.6402058 32.3122581)
TX,Kerr,25.8,52869,Health Insurance,POINT (-99.3533388 30.059953)
TX,Bowie,24.9,93481,Health Insurance,POINT (-94.422393 33.4460648)
TX,King,34,283,Health Insurance,POINT (-100.2453455 33.6142675)
TX,Bastrop,30.8,91601,Health Insurance,POINT (-97.3106392 30.1007718)
TX,Brazos,24.8,232555,Health Insurance,POINT (-96.3023935 30.6567132)
TX,Crosby,38.8,5567,Health Insurance,POINT (-101.2987099 33.609144)
TX,Erath,24.7,43224,Health Insurance,POINT (-98.2205073 32.2366609)
TX,Franklin,21.2,10821,Health Insurance,POINT (-95.2190662 33.1758457)
TX,Bandera,26.2,23861,Health Insurance,POINT (-99.2482849 29.756389)
TX,Crane,38.8,4765,Health Insurance,POINT (-102.4877739 31.4227965)
TX,Ellis,26,191760,Health Insurance,POINT (-96.7969403 32.3468783)
TX,Comal,22.4,164812,Health Insurance,POINT (-98.2581288 29.8123773)
TX,Fayette,26.8,25547,Health Insurance,POINT (-96.9212309 29.8778861)
TX,Jack,29.3,9056,Health Insurance,POINT (-98.1711775 33.2321604)
TX,Hamilton,24.9,8557,Health Insurance,POINT (-98.1117562 31.7073424)
TX,Castro,39.3,7396,Health Insurance,POINT (-102.2587856 34.5336207)
TX,Culberson,44.8,2149,Health Insurance,POINT (-104.5269447 31.4459085)
TX,Foard,28.7,1135,Health Insurance,POINT (-99.8168285 33.9633063)
TX,Hockley,35.1,22921,Health Insurance,POINT (-102.3433978 33.605932)
TX,Leon,27.1,17493,Health Insurance,POINT (-95.9956219 31.3004926)
TX,Dickens,33.2,2140,Health Insurance,POINT (-100.7876173 33.6153628)
TX,Kinney,39.6,3670,Health Insurance,POINT (-100.4177003 29.3470865)
TX,Bosque,27,18603,Health Insurance,POINT (-97.6376407 31.9008189)
TX,Colorado,31,21610,Health Insurance,POINT (-96.5089347 29.596296)
TX,Aransas,30.4,23814,Health Insurance,POINT (-96.9675012 28.1226209)
TX,Henderson,26.5,83792,Health Insurance,POINT (-95.8534183 32.2116334)
TX,Kenedy,19.9,379,Health Insurance,POINT (-97.5911434 26.8902129)
TX,Jeff Davis,31.4,2220,Health Insurance,POINT (-104.191873 30.6253574)
TX,Hidalgo,49.8,875200,Health Insurance,POINT (-98.18099 26.3963839)
TX,Fisher,26.5,3784,Health Insurance,POINT (-100.4031198 32.7404728)
TX,Brewster,29.3,9237,Health Insurance,POINT (-103.2524579 29.8089965)
TX,Briscoe,29.1,1487,Health Insurance,POINT (-101.205893 34.5251725)
TX,Cameron,48.5,424180,Health Insurance,POINT (-97.4789584 26.1029227)
TX,Hardeman,28.5,4011,Health Insurance,POINT (-99.7456973 34.2899036)
TX,Archer,21.3,8730,Health Insurance,POINT (-98.6872669 33.6163054)
TX,Floyd,38.8,5672,Health Insurance,POINT (-101.3032742 34.0737305)
TX,Hunt,26.5,99807,Health Insurance,POINT (-96.0842298 33.1233077)
TX,Bell,26.4,369927,Health Insurance,POINT (-97.4812684 31.0427497)
TX,Coryell,27.2,76737,Health Insurance,POINT (-97.7980223 31.3911774)
TX,Bee,38.9,32513,Health Insurance,POINT (-97.7425858 28.4160769)
TX,Coleman,25.2,8100,Health Insurance,POINT (-99.3466223 31.9142052)
TX,Hardin,22.8,58305,Health Insurance,POINT (-94.3931782 30.3296483)
TX,Hutchinson,27,20677,Health Insurance,POINT (-101.3627461 35.837047)
TX,Brooks,49.1,6964,Health Insurance,POINT (-98.2152756 27.0349936)
TX,Collin,18.7,1072069,Health Insurance,POINT (-96.579428 33.1944942)
TX,Eastland,25.9,18388,Health Insurance,POINT (-98.8365596 32.3246454)
TX,Hansford,36.4,5279,Health Insurance,POINT (-101.3569304 36.2728469)
TX,Camp,28.8,13060,Health Insurance,POINT (-94.979085 32.9745813)
TX,Jones,34.2,19875,Health Insurance,POINT (-99.8744297 32.7437089)
TX,Duval,47.1,11058,Health Insurance,POINT (-98.4973933 27.6811232)
TX,Goliad,29.4,7626,Health Insurance,POINT (-97.4304145 28.6607)
TX,Jasper,28,35375,Health Insurance,POINT (-94.0222943 30.7529323)
TX,Irion,24.7,1564,Health Insurance,POINT (-100.9813037 31.3034241)
TX,Brown,26.4,37633,Health Insurance,POINT (-98.998456 31.7641372)
TX,Kent,22.5,786,Health Insurance,POINT (-100.7697199 33.1847797)
TX,Houston,28.9,22835,Health Insurance,POINT (-95.4215995 31.3230362)
TX,Dallam,38,7273,Health Insurance,POINT (-102.5940204 36.2863696)
TX,Hidalgo,49.9,875200,Health Insurance,POINT (-98.18099 26.3963839)
TX,Dimmit,49.8,9925,Health Insurance,POINT (-99.7658713 28.4235871)
TX,Liberty,32.2,91547,Health Insurance,POINT (-94.8440607 30.1585081)
TX,Andrews,36.6,18879,Health Insurance,POINT (-102.6402058 32.3122581)
TX,El Paso,40,841286,Health Insurance,POINT (-106.2414234 31.7664803)
TX,Brazoria,26.9,380518,Health Insurance,POINT (-95.434647 29.1678175)
TX,Carson,21.1,5854,Health Insurance,POINT (-101.3553558 35.4054961)
TX,Jefferson,29.2,250127,Health Insurance,POINT (-94.1493306 29.8539997)
TX,Collingsworth,32.2,2877,Health Insurance,POINT (-100.2721351 34.9633577)
TX,Hall,34.4,2939,Health Insurance,POINT (-100.5763434 34.4531894)
TX,Edwards,38.4,1923,Health Insurance,POINT (-100.3073997 29.9859327)
TX,Crosby,37.5,5567,Health Insurance,POINT (-101.2987099 33.609144)
TX,Gray,31.1,21658,Health Insurance,POINT (-100.8123736 35.4025424)
TX,Childress,33.9,7143,Health Insurance,POINT (-100.2081658 34.5246235)
TX,Jim Hogg,49.1,5184,Health Insurance,POINT (-98.7475716 27.0532315)
TX,Bastrop,32,91601,Health Insurance,POINT (-97.3106392 30.1007718)
TX,Cooke,24.4,41393,Health Insurance,POINT (-97.2103433 33.6391964)
TX,Lee,28.5,17397,Health Insurance,POINT (-96.9768226 30.3214983)
TX,Jackson,30.4,14854,Health Insurance,POINT (-96.58908 28.9598019)
TX,Erath,24.2,43224,Health Insurance,POINT (-98.2205073 32.2366609)
TX,Bandera,23.7,23861,Health Insurance,POINT (-99.2482849 29.756389)
TX,Dawson,42.2,12974,Health Insurance,POINT (-101.9487714 32.742528)
TX,Gonzales,36.9,20948,Health Insurance,POINT (-97.4919205 29.4619121)
TX,Dallas,31.6,2635888,Health Insurance,POINT (-96.7784238 32.7669866)
TX,Bosque,25.2,18603,Health Insurance,POINT (-97.6376407 31.9008189)
TX,Anderson,31.2,57805,Health Insurance,POINT (-95.6617267 31.8412614)
TX,La Salle,49.2,7500,Health Insurance,POINT (-99.0967743 28.3510976)
TX,Kimble,27.9,4396,Health Insurance,POINT (-99.7463959 30.479472)
TX,Colorado,29.5,21610,Health Insurance,POINT (-96.5089347 29.596296)
TX,Foard,27,1135,Health Insurance,POINT (-99.8168285 33.9633063)
TX,Howard,35.5,36540,Health Insurance,POINT (-101.4387208 32.3034298)
TX,Hale,38.7,32754,Health Insurance,POINT (-101.8228879 34.0684364)
TX,Leon,28.8,17493,Health Insurance,POINT (-95.9956219 31.3004926)
TX,Dickens,32.3,2140,Health Insurance,POINT (-100.7876173 33.6153628)
TX,Baylor,24.9,3518,Health Insurance,POINT (-99.2081888 33.6188024)
TX,Henderson,25.2,83792,Health Insurance,POINT (-95.8534183 32.2116334)
TX,Hutchinson,27.8,20677,Health Insurance,POINT (-101.3627461 35.837047)
TX,Jim Wells,43.6,40452,Health Insurance,POINT (-98.0908141 27.7335157)
TX,Jeff Davis,28.2,2220,Health Insurance,POINT (-104.191873 30.6253574)
TX,Kerr,27.3,52869,Health Insurance,POINT (-99.3533388 30.059953)
TX,Castro,40.1,7396,Health Insurance,POINT (-102.2587856 34.5336207)
TX,Cochran,43.2,2897,Health Insurance,POINT (-102.830449 33.6084401)
TX,Comal,23.6,164812,Health Insurance,POINT (-98.2581288 29.8123773)
TX,Fayette,25,25547,Health Insurance,POINT (-96.9212309 29.8778861)
TX,Kleberg,39,30338,Health Insurance,POINT (-97.6606203 27.4387348)
TX,Garza,41.8,6222,Health Insurance,POINT (-101.3011341 33.183792)
TX,Calhoun,33.7,21001,Health Insurance,POINT (-96.5795739 28.4417191)
TX,Hunt,25.7,99807,Health Insurance,POINT (-96.0842298 33.1233077)
TX,Camp,27.9,13060,Health Insurance,POINT (-94.979085 32.9745813)
TX,Ector,38.4,167701,Health Insurance,POINT (-102.5425068 31.8653008)
TX,Burleson,27.7,18514,Health Insurance,POINT (-96.6220912 30.4934867)
TX,Hill,26.6,37006,Health Insurance,POINT (-97.130668 31.9826809)
TX,Frio,48.6,20379,Health Insurance,POINT (-99.109005 28.8693828)
TX,Coryell,26.4,76737,Health Insurance,POINT (-97.7980223 31.3911774)
TX,Chambers,25.6,45590,Health Insurance,POINT (-94.6694454 29.6963741)
TX,Atascosa,38.9,51724,Health Insurance,POINT (-98.535381 28.8914775)
TX,Fisher,27.6,3784,Health Insurance,POINT (-100.4031198 32.7404728)
TX,Hudspeth,49.7,4906,Health Insurance,POINT (-105.3775489 31.4508678)
TX,Knox,30.8,3683,Health Insurance,POINT (-99.7303563 33.6118897)
TX,Aransas,28.1,23814,Health Insurance,POINT (-96.9675012 28.1226209)
TX,Archer,22.6,8730,Health Insurance,POINT (-98.6872669 33.6163054)
TX,Floyd,37.7,5672,Health Insurance,POINT (-101.3032742 34.0737305)
TX,Cameron,48.2,424180,Health Insurance,POINT (-97.4789584 26.1029227)
TX,Crockett,41.1,3513,Health Insurance,POINT (-101.4042113 30.7175316)
TX,Harris,32,4738253,Health Insurance,POINT (-95.3930371 29.857273)
TX,Collingsworth,33.3,2877,Health Insurance,POINT (-100.2721351 34.9633577)
TX,Gaines,37.7,21996,Health Insurance,POINT (-102.6315614 32.7439423)
TX,Angelina,29.4,86796,Health Insurance,POINT (-94.6111337 31.2518963)
TX,Irion,26.1,1564,Health Insurance,POINT (-100.9813037 31.3034241)
TX,Hartley,28.7,5443,Health Insurance,POINT (-102.6100473 35.8402444)
TX,Brazoria,27.3,380518,Health Insurance,POINT (-95.434647 29.1678175)
TX,Johnson,27.6,179575,Health Insurance,POINT (-97.3649587 32.3798207)
TX,Blanco,22.4,12269,Health Insurance,POINT (-98.399217 30.2664556)
TX,Liberty,32.7,91547,Health Insurance,POINT (-94.8440607 30.1585081)
TX,Chambers,25.3,45590,Health Insurance,POINT (-94.6694454 29.6963741)
TX,Galveston,25.5,345089,Health Insurance,POINT (-94.8884558 29.233453)
TX,Callahan,22.1,14110,Health Insurance,POINT (-99.372249 32.2931499)
TX,Hudspeth,50.1,4906,Health Insurance,POINT (-105.3775489 31.4508678)
TX,Coke,26.4,3323,Health Insurance,POINT (-100.6352305 31.8771104)
TX,Armstrong,19.9,1869,Health Insurance,POINT (-101.3566363 34.964179)
TX,Clay,21.7,10550,Health Insurance,POINT (-98.2129174 33.7859042)
TX,Dawson,42.1,12974,Health Insurance,POINT (-101.9487714 32.742528)
TX,Jack,29.8,9056,Health Insurance,POINT (-98.1711775 33.2321604)
TX,Gonzales,38,20948,Health Insurance,POINT (-97.4919205 29.4619121)
TX,Glasscock,33.9,1439,Health Insurance,POINT (-101.5214944 31.8680062)
TX,Anderson,31.4,57805,Health Insurance,POINT (-95.6617267 31.8412614)
TX,Jasper,26.8,35375,Health Insurance,POINT (-94.0222943 30.7529323)
TX,Freestone,27.8,19874,Health Insurance,POINT (-96.1449568 31.7017487)
TX,Hood,21,63527,Health Insurance,POINT (-97.8316766 32.430149)
TX,Childress,32.5,7143,Health Insurance,POINT (-100.2081658 34.5246235)
TX,Goliad,31,7626,Health Insurance,POINT (-97.4304145 28.6607)
TX,Jim Hogg,49.7,5184,Health Insurance,POINT (-98.7475716 27.0532315)
TX,Cooke,25.4,41393,Health Insurance,POINT (-97.2103433 33.6391964)
TX,Lavaca,25.8,20216,Health Insurance,POINT (-96.9236334 29.3825778)
TX,Jefferson,29.7,250127,Health Insurance,POINT (-94.1493306 29.8539997)
TX,Gillespie,25.3,26960,Health Insurance,POINT (-98.9418498 30.3250929)
TX,Lee,30,17397,Health Insurance,POINT (-96.9768226 30.3214983)
TX,Jim Wells,43,40452,Health Insurance,POINT (-98.0908141 27.7335157)
TX,Jackson,31.2,14854,Health Insurance,POINT (-96.58908 28.9598019)
TX,Gray,31.7,21658,Health Insurance,POINT (-100.8123736 35.4025424)
TX,Burnet,24.7,49653,Health Insurance,POINT (-98.2011868 30.7896305)
TX,Hopkins,25.8,37170,Health Insurance,POINT (-95.5654337 33.1489673)
TX,Travis,22.1,1300503,Health Insurance,POINT (-97.6912697 30.2395128)
TX,Uvalde,41.4,26742,Health Insurance,POINT (-99.768427 29.3503081)
TX,Wharton,34,41685,Health Insurance,POINT (-96.2296745 29.2784805)
TX,Mitchell,35.6,8202,Health Insurance,POINT (-100.9243924 32.3041168)
TX,Ochiltree,37.9,9598,Health Insurance,POINT (-100.8158636 36.2787442)
TX,Refugio,36.6,6877,Health Insurance,POINT (-97.1624723 28.3221157)
TX,Motley,26.6,1185,Health Insurance,POINT (-100.7931519 34.0578993)
TX,Loving,22,181,Health Insurance,POINT (-103.5612293 31.8449361)
TX,Potter,35.1,116004,Health Insurance,POINT (-101.893804 35.3986751)
TX,Randall,23.8,139899,Health Insurance,POINT (-101.8955472 34.962529)
TX,Panola,24.9,23187,Health Insurance,POINT (-94.3051563 32.1639784)
TX,Nacogdoches,27.2,64753,Health Insurance,POINT (-94.6202497 31.6205598)
TX,Parmer,40.3,9522,Health Insurance,POINT (-102.7848533 34.5321628)
TX,Victoria,33.6,91936,Health Insurance,POINT (-96.9711977 28.7963699)
TX,Young,26.4,17904,Health Insurance,POINT (-98.6783895 33.1587778)
TX,Rusk,28.2,54324,Health Insurance,POINT (-94.7563823 32.1094232)
TX,Sabine,23.1,10507,Health Insurance,POINT (-93.8519129 31.3432997)
TX,Nolan,33,14835,Health Insurance,POINT (-100.4181078 32.3123379)
TX,Val Verde,44.1,49028,Health Insurance,POINT (-101.1433237 29.8752853)
TX,Moore,39.9,20654,Health Insurance,POINT (-101.8905018 35.8356759)
TX,Palo Pinto,27,29320,Health Insurance,POINT (-98.3179673 32.7522042)
TX,Tom Green,29.5,120010,Health Insurance,POINT (-100.4637879 31.3988233)
TX,Menard,28.4,2124,Health Insurance,POINT (-99.8588613 30.8852677)
TX,Reeves,44.4,15949,Health Insurance,POINT (-103.712706 31.308366)
TX,Trinity,27.1,14883,Health Insurance,POINT (-95.1516869 31.096675)
TX,Reagan,40.2,3833,Health Insurance,POINT (-101.5143954 31.3751911)
TX,Rusk,27.6,54324,Health Insurance,POINT (-94.7563823 32.1094232)
TX,Tyler,29.1,21591,Health Insurance,POINT (-94.3756561 30.7692953)
TX,Winkler,39.4,7887,Health Insurance,POINT (-103.0549246 31.8328615)
TX,Tarrant,26.2,2123347,Health Insurance,POINT (-97.2912241 32.7721191)
TX,Van Zandt,25.5,57533,Health Insurance,POINT (-95.8369057 32.5587866)
TX,Zavala,50.4,11840,Health Insurance,POINT (-99.7598304 28.8646523)
TX,Zapata,51.3,14172,Health Insurance,POINT (-99.1826027 26.9969806)
TX,Runnels,32.2,10401,Health Insurance,POINT (-99.9827145 31.8451193)
TX,Midland,31.3,177863,Health Insurance,POINT (-102.0024538 31.8142693)
TX,Upton,36.3,3623,Health Insurance,POINT (-102.0415461 31.3538163)
TX,Terry,41.3,12183,Health Insurance,POINT (-102.339284 33.171229)
TX,Llano,24.3,21958,Health Insurance,POINT (-98.6846901 30.7075845)
TX,Montgomery,24.2,626351,Health Insurance,POINT (-95.50295 30.2988009)
TX,Rains,25.4,12552,Health Insurance,POINT (-95.795613 32.8704571)
TX,Martin,33.6,5816,Health Insurance,POINT (-101.9618363 32.3098298)
TX,Wilbarger,33.4,12552,Health Insurance,POINT (-99.2424397 34.0849199)
TX,Presidio,51.3,6508,Health Insurance,POINT (-104.2616192 30.0058912)
TX,Uvalde,41.1,26742,Health Insurance,POINT (-99.768427 29.3503081)
TX,Stephens,30,9334,Health Insurance,POINT (-98.8393443 32.7380521)
TX,Starr,53.4,64266,Health Insurance,POINT (-98.7402346 26.5309027)
TX,Nueces,37.3,363148,Health Insurance,POINT (-97.5162143 27.7400315)
TX,Walker,28.7,72164,Health Insurance,POINT (-95.5698246 30.7431631)
TX,Roberts,21.7,813,Health Insurance,POINT (-100.8366824 35.838596)
TX,Lynn,35.2,6025,Health Insurance,POINT (-101.8184933 33.1784124)
TX,Shackelford,22.7,3300,Health Insurance,POINT (-99.3470045 32.7438198)
TX,Terrell,33.4,702,Health Insurance,POINT (-102.0725126 30.2323427)
TX,Wise,26.5,71084,Health Insurance,POINT (-97.6539968 33.2190947)
TX,Taylor,27.1,139200,Health Insurance,POINT (-99.8904299 32.2971255)
TX,Schleicher,35.5,2761,Health Insurance,POINT (-100.5272161 30.8962331)
TX,Somervell,23.2,9139,Health Insurance,POINT (-97.769217 32.2180714)
TX,Potter,35.4,116004,Health Insurance,POINT (-101.893804 35.3986751)
TX,Montague,23.9,19962,Health Insurance,POINT (-97.7250138 33.6783558)
TX,Loving,22.5,181,Health Insurance,POINT (-103.5612293 31.8449361)
TX,Shelby,31.2,24915,Health Insurance,POINT (-94.1425794 31.7901394)
TX,Mason,24.1,4344,Health Insurance,POINT (-99.2373018 30.7039159)
TX,Travis,21.8,1300503,Health Insurance,POINT (-97.6912697 30.2395128)
TX,Oldham,22.7,2135,Health Insurance,POINT (-102.5976203 35.4019206)
TX,Sutton,37.7,3738,Health Insurance,POINT (-100.5133594 30.5221852)
TX,Mitchell,35.4,8202,Health Insurance,POINT (-100.9243924 32.3041168)
TX,Tom Green,29.7,120010,Health Insurance,POINT (-100.4637879 31.3988233)
TX,Nolan,34,14835,Health Insurance,POINT (-100.4181078 32.3123379)
TX,Winkler,39.9,7887,Health Insurance,POINT (-103.0549246 31.8328615)
TX,Nacogdoches,27.6,64753,Health Insurance,POINT (-94.6202497 31.6205598)
TX,McCulloch,31.9,7823,Health Insurance,POINT (-99.3598557 31.2054766)
TX,Wood,23.7,46291,Health Insurance,POINT (-95.3821664 32.7835881)
TX,Young,25.2,17904,Health Insurance,POINT (-98.6783895 33.1587778)
TX,Live Oak,37.4,12324,Health Insurance,POINT (-98.1269608 28.3515349)
TX,Webb,47.3,277681,Health Insurance,POINT (-99.3407518 27.7607987)
TX,Upton,35.6,3623,Health Insurance,POINT (-102.0415461 31.3538163)
TX,Willacy,50.4,21161,Health Insurance,POINT (-97.5947313 26.4818607)
TX,Ward,37.6,12097,Health Insurance,POINT (-103.1051127 31.5130687)
TX,Panola,25.8,23187,Health Insurance,POINT (-94.3051563 32.1639784)
TX,Zapata,51.2,14172,Health Insurance,POINT (-99.1826027 26.9969806)
TX,Yoakum,40.4,8702,Health Insurance,POINT (-102.8322409 33.1623386)
TX,Smith,25.4,235806,Health Insurance,POINT (-95.2700409 32.3770156)
TX,Lipscomb,30.3,3111,Health Insurance,POINT (-100.2726827 36.2801998)
TX,Newton,29.1,13414,Health Insurance,POINT (-93.73925 30.7867182)
TX,McLennan,27.9,259730,Health Insurance,POINT (-97.2015108 31.5495958)
TX,Navarro,30.3,50694,Health Insurance,POINT (-96.4769087 32.048448)
TX,Tarrant,26.5,2123347,Health Insurance,POINT (-97.2912241 32.7721191)
TX,Runnels,30.9,10401,Health Insurance,POINT (-99.9827145 31.8451193)
TX,Shackelford,21.4,3300,Health Insurance,POINT (-99.3470045 32.7438198)
TX,Terrell,31.7,702,Health Insurance,POINT (-102.0725126 30.2323427)
TX,Taylor,27.1,139200,Health Insurance,POINT (-99.8904299 32.2971255)
TX,Orange,24.1,82878,Health Insurance,POINT (-93.8940999 30.1223229)
TX,Reeves,45,15949,Health Insurance,POINT (-103.712706 31.308366)
TX,Nueces,36.8,363148,Health Insurance,POINT (-97.5162143 27.7400315)
TX,Presidio,51.8,6508,Health Insurance,POINT (-104.2616192 30.0058912)
TX,Stephens,30.9,9334,Health Insurance,POINT (-98.8393443 32.7380521)
TX,Wilbarger,32.6,12552,Health Insurance,POINT (-99.2424397 34.0849199)
TX,Motley,24.8,1185,Health Insurance,POINT (-100.7931519 34.0578993)
TX,Upshur,24.7,42166,Health Insurance,POINT (-94.9411837 32.7353495)
TX,Scurry,34.2,16662,Health Insurance,POINT (-100.9133465 32.7443531)
TX,San Augustine,29.2,8248,Health Insurance,POINT (-94.1631796 31.3824492)
TX,Pecos,42,15718,Health Insurance,POINT (-102.7181533 30.773298)
TX,Schleicher,36.6,2761,Health Insurance,POINT (-100.5272161 30.8962331)
TX,Oldham,23.6,2135,Health Insurance,POINT (-102.5976203 35.4019206)
TX,Matagorda,32.8,36725,Health Insurance,POINT (-96.0015316 28.7747601)
TX,Morris,25.4,12393,Health Insurance,POINT (-94.7312653 33.116466)
TX,Maverick,49.7,58378,Health Insurance,POINT (-100.316678 28.7297873)
TX,Scurry,33.8,16662,Health Insurance,POINT (-100.9133465 32.7443531)
TX,Stonewall,29.4,1348,Health Insurance,POINT (-100.2538069 33.1795797)
TX,Lubbock,27.9,314772,Health Insurance,POINT (-101.8199438 33.6114688)
TX,Wheeler,29.3,4946,Health Insurance,POINT (-100.2531067 35.3925926)
TX,Montague,25.1,19962,Health Insurance,POINT (-97.7250138 33.6783558)
TX,Washington,25.4,35771,Health Insurance,POINT (-96.4102717 30.2150752)
TX,Titus,35.5,32926,Health Insurance,POINT (-94.9667825 33.214599)
TX,Somervell,24.6,9139,Health Insurance,POINT (-97.769217 32.2180714)
TX,Rockwall,19.8,109888,Health Insurance,POINT (-96.4120504 32.8998859)
TX,Shelby,30.2,24915,Health Insurance,POINT (-94.1425794 31.7901394)
TX,San Patricio,36.3,67069,Health Insurance,POINT (-97.5171566 28.0117944)
TX,Medina,33.6,52358,Health Insurance,POINT (-99.1110845 29.3536614)
TX,Red River,25.4,11995,Health Insurance,POINT (-95.0484293 33.6196255)
TX,Sterling,30.7,1315,Health Insurance,POINT (-101.0549114 31.8357735)
TX,Wichita,26.7,133205,Health Insurance,POINT (-98.7080098 33.9882125)
TX,Webb,47.3,277681,Health Insurance,POINT (-99.3407518 27.7607987)
TX,Wood,25.2,46291,Health Insurance,POINT (-95.3821664 32.7835881)
TX,Milam,29.3,24708,Health Insurance,POINT (-96.9843946 30.791242)
TX,San Jacinto,28.2,29301,Health Insurance,POINT (-95.1631363 30.5743884)
TX,Mason,25.6,4344,Health Insurance,POINT (-99.2373018 30.7039159)
TX,Sutton,39.2,3738,Health Insurance,POINT (-100.5133594 30.5221852)
TX,Live Oak,36.4,12324,Health Insurance,POINT (-98.1269608 28.3515349)
TX,Orange,23.4,82878,Health Insurance,POINT (-93.8940999 30.1223229)
TX,Madison,31.4,14427,Health Insurance,POINT (-95.9303719 30.9668782)
TX,Marion,23.8,9960,Health Insurance,POINT (-94.3568533 32.7981821)
TX,McCulloch,30.6,7823,Health Insurance,POINT (-99.3598557 31.2054766)
TX,Milam,30.8,24708,Health Insurance,POINT (-96.9843946 30.791242)
TX,Williamson,22.2,617855,Health Insurance,POINT (-97.6050646 30.6490817)
TX,Newton,27.9,13414,Health Insurance,POINT (-93.73925 30.7867182)
TX,Ward,37.3,12097,Health Insurance,POINT (-103.1051127 31.5130687)
TX,Sherman,34.1,3027,Health Insurance,POINT (-101.8992648 36.2785929)
TX,Limestone,29.5,23340,Health Insurance,POINT (-96.593623 31.5475427)
TX,Waller,28.4,57452,Health Insurance,POINT (-95.9821493 30.0135901)
TX,Smith,25.9,235806,Health Insurance,POINT (-95.2700409 32.3770156)
TX,San Saba,33.3,6039,Health Insurance,POINT (-98.8192922 31.1551375)
TX,Yoakum,40.8,8702,Health Insurance,POINT (-102.8322409 33.1623386)
TX,San Augustine,27.3,8248,Health Insurance,POINT (-94.1631796 31.3824492)
TX,McLennan,28.2,259730,Health Insurance,POINT (-97.2015108 31.5495958)
TX,San Jacinto,26.6,29301,Health Insurance,POINT (-95.1631363 30.5743884)
TX,Willacy,50,21161,Health Insurance,POINT (-97.5947313 26.4818607)
TX,Parker,22.9,148198,Health Insurance,POINT (-97.8059049 32.7770964)
TX,Swisher,37.9,7340,Health Insurance,POINT (-101.7438647 34.5263193)
TX,Pecos,41.9,15718,Health Insurance,POINT (-102.7181533 30.773298)
TX,Lipscomb,28.8,3111,Health Insurance,POINT (-100.2726827 36.2801998)
TX,Navarro,31.3,50694,Health Insurance,POINT (-96.4769087 32.048448)
TX,Wilson,29.7,52023,Health Insurance,POINT (-98.0867336 29.173883)
TX,Upshur,23.7,42166,Health Insurance,POINT (-94.9411837 32.7353495)
TX,Washington,24.3,35771,Health Insurance,POINT (-96.4102717 30.2150752)
TX,Mills,25.8,4840,Health Insurance,POINT (-98.5946231 31.4948885)
TX,McMullen,33.7,721,Health Insurance,POINT (-98.5788529 28.384922)
TX,Robertson,28.3,17155,Health Insurance,POINT (-96.5149408 31.025481)
TX,Randall,23.5,139899,Health Insurance,POINT (-101.8955472 34.962529)
TX,Lubbock,27.9,314772,Health Insurance,POINT (-101.8199438 33.6114688)
TX,Wharton,33.1,41685,Health Insurance,POINT (-96.2296745 29.2784805)
TX,Wheeler,30.7,4946,Health Insurance,POINT (-100.2531067 35.3925926)
TX,Morris,26.6,12393,Health Insurance,POINT (-94.7312653 33.116466)
TX,Refugio,34.9,6877,Health Insurance,POINT (-97.1624723 28.3221157)
TX,Ochiltree,37.3,9598,Health Insurance,POINT (-100.8158636 36.2787442)
TX,Stonewall,27.7,1348,Health Insurance,POINT (-100.2538069 33.1795797)
TX,Rockwall,20.5,109888,Health Insurance,POINT (-96.4120504 32.8998859)
TX,Matagorda,33.9,36725,Health Insurance,POINT (-96.0015316 28.7747601)
TX,Polk,29.2,52995,Health Insurance,POINT (-94.8373376 30.7845525)
TX,Throckmorton,26,1487,Health Insurance,POINT (-99.205796 33.1706954)
TX,Victoria,33.1,91936,Health Insurance,POINT (-96.9711977 28.7963699)
TX,Moore,40,20654,Health Insurance,POINT (-101.8905018 35.8356759)
TX,Red River,24,11995,Health Insurance,POINT (-95.0484293 33.6196255)
TX,Palo Pinto,25.9,29320,Health Insurance,POINT (-98.3179673 32.7522042)
TX,Sabine,25,10507,Health Insurance,POINT (-93.8519129 31.3432997)
TX,Titus,34.9,32926,Health Insurance,POINT (-94.9667825 33.214599)
TX,San Patricio,36.9,67069,Health Insurance,POINT (-97.5171566 28.0117944)
TX,Medina,32.5,52358,Health Insurance,POINT (-99.1110845 29.3536614)
TX,Real,31.4,3411,Health Insurance,POINT (-99.812549 29.8300967)
TX,Sterling,30,1315,Health Insurance,POINT (-101.0549114 31.8357735)
TX,Parmer,39.4,9522,Health Insurance,POINT (-102.7848533 34.5321628)
TX,Val Verde,44,49028,Health Insurance,POINT (-101.1433237 29.8752853)
TX,Midland,31,177863,Health Insurance,POINT (-102.0024538 31.8142693)
TX,Parker,22,148198,Health Insurance,POINT (-97.8059049 32.7770964)
TX,Swisher,38.3,7340,Health Insurance,POINT (-101.7438647 34.5263193)
TX,Wichita,26.9,133205,Health Insurance,POINT (-98.7080098 33.9882125)
TX,Limestone,30.5,23340,Health Insurance,POINT (-96.593623 31.5475427)
TX,Terry,41.7,12183,Health Insurance,POINT (-102.339284 33.171229)
TX,Zavala,50.4,11840,Health Insurance,POINT (-99.7598304 28.8646523)
TX,Reagan,40.8,3833,Health Insurance,POINT (-101.5143954 31.3751911)
TX,Trinity,25.4,14883,Health Insurance,POINT (-95.1516869 31.096675)
TX,Sherman,32.9,3027,Health Insurance,POINT (-101.8992648 36.2785929)
TX,Menard,30.8,2124,Health Insurance,POINT (-99.8588613 30.8852677)
TX,Madison,32,14427,Health Insurance,POINT (-95.9303719 30.9668782)
TX,Real,28.8,3411,Health Insurance,POINT (-99.812549 29.8300967)
TX,Marion,25.6,9960,Health Insurance,POINT (-94.3568533 32.7981821)
TX,Lynn,34.4,6025,Health Insurance,POINT (-101.8184933 33.1784124)
TX,Mills,27.6,4840,Health Insurance,POINT (-98.5946231 31.4948885)
TX,McMullen,32.1,721,Health Insurance,POINT (-98.5788529 28.384922)
TX,Wise,25.4,71084,Health Insurance,POINT (-97.6539968 33.2190947)
TX,Williamson,22,617855,Health Insurance,POINT (-97.6050646 30.6490817)
TX,Tyler,28.3,21591,Health Insurance,POINT (-94.3756561 30.7692953)
TX,Walker,29.1,72164,Health Insurance,POINT (-95.5698246 30.7431631)
TX,Throckmorton,24.2,1487,Health Insurance,POINT (-99.205796 33.1706954)
TX,Maverick,49.8,58378,Health Insurance,POINT (-100.316678 28.7297873)
TX,Robertson,29.4,17155,Health Insurance,POINT (-96.5149408 31.025481)
TX,Waller,29,57452,Health Insurance,POINT (-95.9821493 30.0135901)
TX,Polk,31.1,52995,Health Insurance,POINT (-94.8373376 30.7845525)
TX,Llano,22,21958,Health Insurance,POINT (-98.6846901 30.7075845)
TX,Van Zandt,24.3,57533,Health Insurance,POINT (-95.8369057 32.5587866)
TX,Montgomery,24.9,626351,Health Insurance,POINT (-95.50295 30.2988009)
TX,Rains,23.7,12552,Health Insurance,POINT (-95.795613 32.8704571)
TX,Martin,33.2,5816,Health Insurance,POINT (-101.9618363 32.3098298)
TX,Starr,53.3,64266,Health Insurance,POINT (-98.7402346 26.5309027)
TX,Wilson,28.5,52023,Health Insurance,POINT (-98.0867336 29.173883)
TX,Roberts,21,813,Health Insurance,POINT (-100.8366824 35.838596)
TX,San Saba,32.7,6039,Health Insurance,POINT (-98.8192922 31.1551375)
